,Source url,Source title,Response code,Backlinks,Domains,External links,Internal links,Last seen,internal_links_count
0,https://bookonboard.com/delta-personal-item-size/,Delta Personal Items Guide | Delta Air Baggage Fees | BookonBoard,200,378,116,31,103,2023-02-01,21
1,https://bookonboard.com/,Home revamp | Bookonboard,200,356,116,6,62,2023-02-01,1
2,https://bookonboard.com/flying-with-edibles/,Flying with edibles| Is it Safe? | Bookonboard,200,229,85,14,97,2023-01-30,10
3,https://bookonboard.com/best-solar-powered-gadgets/,10 Best solar powered gadgets for camping in 2022 | Bookonboard,200,496,81,81,70,2023-01-19,15
4,https://bookonboard.com/sun-country-baggage-fees/,Sun Country Baggage Fees & Allowance | Bookonboard,200,128,73,8,69,2023-01-19,12
5,https://bookonboard.com/covid-19-travel-restrictions-updates-2021/,COVID-19 Travel Restrictions Updates 2021 | Bookonboard,200,201,71,8,119,2023-01-29,15
6,https://bookonboard.com/turkish-airlines-baggage-fees-policy/,Turkish Airlines Baggage Fees and Policy | Bookonboard,200,100,69,10,68,2023-01-19,30
7,https://bookonboard.com/best-portable-blender/,10 Best Portable Travel Blenders in 2022 | Bookonboard,200,309,58,78,85,2023-01-19,13
8,https://bookonboard.com/united-economy-vs-basic-economy/,"United Airlines Economy vs Basic Economy, Which Is Better? | BookOnBoard",200,118,58,9,101,2023-02-01,19
9,https://bookonboard.com/allegiant-baggage-fees/,Allegiant Air Baggage Fees & Policy [2021] | Bookonboard,200,115,50,33,61,2023-01-19,12
10,https://bookonboard.com/easyjet-baggage-allowance/,"EasyJet Baggage Allowance, Sizes, Fees & Weight Policy | Bookonboard",200,63,47,6,100,2023-01-30,15
11,https://bookonboard.com/southwest-airlines-carry-on-size/,Southwest Airlines' Carry-on Luggage Size & Restrictions | BookonBoard,200,211,47,20,71,2023-01-20,18
12,https://bookonboard.com/ryanair-carry-on/,"Ryanair Baggage Allowance, Sizes, Fees & Weight Policy | Bookonboard",200,107,46,6,109,2023-01-23,14
13,https://bookonboard.com/how-to-measure-luggage/,How to Measure Luggage Dimensions for Airlines | Bookonboard,200,120,42,6,71,2023-01-19,16
14,https://bookonboard.com/hawaiian-airlines-baggage-fees/,Hawaiian Airlines Baggage Fees & Policy | Bookonboard,200,159,36,6,60,2023-01-20,12
15,https://bookonboard.com/american-airlines-carry-on-size/,American Airlines Carry-On Rules and Fees | BookonBoard,200,151,35,7,63,2023-01-19,15
16,https://bookonboard.com/which-airlines-accept-paypal-for-payment/,Which Airlines Accept Paypal For Payment? | Bookonboard,200,82,29,13,88,2023-01-26,24
17,https://bookonboard.com/resorts-in-the-united-states/,All Inclusive Resorts in the United States for Families 2020 | Bookonboard,200,94,29,15,101,2023-01-30,14
18,https://bookonboard.com/vueling-carry-on-size/,Vueling Carry on and Checked Luggage Policy | BookonBoard,200,30,24,7,86,2023-01-29,22
19,https://bookonboard.com/united-carry-on-size/,United Airlines Carry-on and Checked Luggage Policy | BookonBoard,200,54,22,28,98,2023-01-29,17
20,https://bookonboard.com/spirit-airlines-baggage-fees-policy/,Spirit Airlines Baggage Fees & Policy (2020 Update) | Bookonboard,200,39,17,15,88,2023-01-26,14
21,https://bookonboard.com/things-to-do-in-miami-at-night/,TOP 10 Things to do in Miami at night 2020 | Bookonboard,200,18,16,14,108,2023-01-29,10
22,https://bookonboard.com/lufthansa-baggage/,"Lufthansa Baggage Fees, Policy & Allowance [2021] | Bookonboard",200,27,15,6,76,2023-01-23,14
23,https://bookonboard.com/best-travel-backpack/,10 Best Travel Backpacks For Men And Women 2022 | Bookonboard,200,17,13,69,134,2023-01-20,15
24,https://bookonboard.com/north-carolina-beaches/,North Carolina Beaches - Top 5 beaches for you to visit in 2020 Bookonboard,200,26,13,15,66,2023-01-19,15
25,https://bookonboard.com/things-to-do-in-tanzania/,Top 10 Best Things to Do in Tanzania 2020 | Bookonboard,200,20,13,39,95,2023-01-30,15
26,https://bookonboard.com/american-airlines-flight-delays-compensation/,"American Airlines Flight Delays - How To Rebook, Claim Refund",200,55,12,18,101,2023-01-23,24
27,https://bookonboard.com/best-travel-accessories/,Best Travel Accessories And Gears 2022 for Men & Women | Bookonboard,200,22,12,71,113,2023-01-29,14
28,https://bookonboard.com/best-6-person-tent/,Best 6 Person Tent | Bookonboard,200,32,12,83,85,2023-01-18,14
29,https://bookonboard.com/fishing-kayak-with-motor/,10 Best Brands of Fishing Kayak with Motor | Bookonboard,200,18,12,69,114,2023-01-26,12
30,https://bookonboard.com/can-you-take-aerosols-on-a-plane/,Can You Take Aerosols on a Plane? | Bookonboard,200,20,11,11,86,2023-01-25,14
31,https://bookonboard.com/what-cant-you-bring-on-a-plane/,What Can or Can't You Bring On a Plane | Travel Advice | BookonBoard,200,24,11,7,95,2023-02-01,13
32,https://bookonboard.com/new-york-tourism/,New York Tourism - Top 10 Places to Visit in 2021 | Bookonboard,200,37,11,15,79,2023-01-19,36
33,https://bookonboard.com/category/travel-tips/,"Travel Tips, Destination Guides and Tour Hacks | BookonBoard",200,15,10,6,83,2023-01-19,861
34,https://bookonboard.com/things-to-do-in-italy/,Top Things to Do in Italy | Travel Guide by BookonBoard,200,11,9,58,98,2023-01-26,22
35,https://bookonboard.com/best-things-to-do-in-paris/,"Top 10 Best Things to do in Paris , France 2020 | Bookonboard",200,11,9,28,68,2023-01-19,11
36,https://bookonboard.com/best-vacation-spots-in-florida/,Top 10 Best Vacation Spots in Florida 2021 | Bookonboard,200,249,9,6,121,2023-01-29,24
37,https://bookonboard.com/things-to-do-in-greece/,Top 20 Best Things to Do in Greece | BookonBoard,200,17,8,24,104,2023-01-26,23
38,https://bookonboard.com/best-hiking-boots-for-women/,Best Hiking Boots for Women | Best-in-Class | BookOnBoard,200,15,8,68,148,2023-01-30,18
39,https://bookonboard.com/can-you-bring-makeup-on-a-plane/,Can You Bring Makeup on a Plane? | Bookonboard,200,48,8,6,103,2023-01-26,12
40,https://bookonboard.com/best-portable-solar-charger/,Best Portable Solar Chargers You Can Buy this 2022 | BookonBoard,200,73,7,55,101,2023-01-23,23
41,https://bookonboard.com/shave-razor-on-plane/,Can you bring a razor on a plane? | Bookonboard,200,17,7,6,83,2023-01-27,12
42,https://bookonboard.com/cathay-pacific-airlines/,Cathay Pacific: Baggage Fees and Policy | Bookonboard,200,26,7,6,104,2023-01-23,26
43,https://bookonboard.com/alaska-airlines-carry-on-size/,Alaska Airlines Carry-On Luggage Policies | BookonBoard,200,152,7,7,63,2023-01-20,21
44,https://bookonboard.com/best-touring-bicycle/,10 Best Touring Bicycles For Every User | BookOnBoard,200,11,7,66,81,2023-01-23,18
45,https://bookonboard.com/top-10-best-outdoor-solar-lights-reviews-2021/,Top 10 Best Outdoor Solar Lights Reviews 2021 | Bookonboard,200,7,7,52,81,2023-01-19,17
46,https://bookonboard.com/things-to-do-in-rome/,Top 10 Best Things to do in Rome 2020- Rome Travel Guide | Bookonboard,200,14,6,7,70,2023-01-19,12
47,https://bookonboard.com/landmarks-japan/,15 Famous Landmarks in Japan You Should Not Miss | Bookonboard,200,18,6,60,149,2023-02-01,19
48,https://bookonboard.com/things-to-do-in-niagara-falls/,The 10 Best Things to do in Niagara Falls 2020 | Bookonboard,200,8,6,9,107,2023-02-01,19
49,https://bookonboard.com/how-to-travel-on-a-budget/,How To Travel On A Budget (25 Tips) | Bookonboard,200,8,6,6,108,2023-01-29,18
50,https://bookonboard.com/can-you-bring-alcohol-on-a-plane/,Can You Bring Alcohol on a Plane? | Bookonboard,200,25,6,10,93,2023-01-29,12
51,https://bookonboard.com/things-to-do-in-kenya/,Top 8 Things to Do in Kenya - Kenya Travel Guide 2020 | Bookonboard,200,16,6,41,97,2023-01-29,13
52,https://bookonboard.com/bisle-ghat-viewpoint/,Top 10 Best things to do near Bisle Ghat Viewpoint India | BookonBoard,200,9,6,15,77,2023-01-19,10
53,https://bookonboard.com/texas-travel/,Top 10 Places to visit in Texas | Texas Travel Guide 2020 | Bookonboard,200,19,6,11,95,2023-01-29,20
54,https://bookonboard.com/can-you-bring-a-lighter-on-a-plane/,Can You Bring a Lighter on a Plane? Cigarettes? Vape? | BookonBoard,200,8,5,20,96,2023-01-29,12
55,https://bookonboard.com/can-you-bring-cigarettes-on-a-plane/,Can You Bring Cigarettes On A Plane? | Bookonboard,200,14,5,6,86,2023-01-26,14
56,https://bookonboard.com/travel-in-the-usa-by-train/,Travel in the USA by Train | Top 10 routes 2020 | Bookonboard,200,9,5,24,93,2023-01-26,18
57,https://bookonboard.com/open-can-without-can-opener/,How To Open A Can Without A Can Opener | Bookonboard,200,8,5,8,82,2023-02-01,22
58,https://bookonboard.com/heated-vests/,Best Heated Vests Review and Guide [2022] | BookonBoard,200,14,5,70,102,2023-01-29,16
59,https://bookonboard.com/best-portable-solar-generator/,Best Portable Solar Generators This 2022 | Book on Board,200,102,5,70,73,2023-01-19,23
60,https://bookonboard.com/everglades-national-park/,Top 10 Things to do in Everglades National Park 2020 | Bookonboard,200,6,5,15,107,2023-01-26,18
61,https://bookonboard.com/things-to-do-in-entebbe/,Top 10 Best Things to do in Entebbe | Bookonboard,200,9,5,21,69,2023-01-19,23
62,https://bookonboard.com/turkey-travel-guide/,Turkey Travel Guide 2021 | The top 10 Things to do in 2021 | Bookonboard,200,8,4,6,90,2023-01-20,18
63,https://bookonboard.com/things-to-do-in-qatar/,"Top 10 Best Things to Do in Doha, Qatar | Bookonboard",200,5,4,20,100,2023-01-29,30
64,https://bookonboard.com/backpackers-pantry-review/,"Backpackers Pantry Review 2022, Best for Taste | Bookonboard",200,7,4,19,80,2023-01-23,13
65,https://bookonboard.com/things-to-do-in-perth/,"Things To Do in Perth, Australia | Bookonboard Travel Guide",200,5,4,9,109,2023-01-26,20
66,https://bookonboard.com/things-to-do-in-moscow/,Top 10 Best Things to do in Moscow | Bookonboard,200,4,4,28,73,2023-01-19,13
67,https://bookonboard.com/things-to-do-in-nairobi/,Top 10 Best Things to Do in Nairobi in 2020 | Bookonboard,200,12,4,33,61,2023-01-19,14
68,https://bookonboard.com/snake-gaiters-for-hiking/,10 Snake Gaiters For Hiking To Get Maximum Protection,200,5,4,59,125,2023-01-29,18
69,https://bookonboard.com/things-to-do-in-amsterdam/,10 Things To Do in Amsterdam | Bookonboard,200,51,4,12,112,2023-01-23,24
70,https://bookonboard.com/things-to-do-in-armenia/,Top 6 Things to Do in Armenia 2020 | Bookonboard,200,5,4,11,84,2023-01-23,14
71,https://bookonboard.com/tips-for-traveling-with-pets/,5 Tips For Traveling With Pets To Make Your Trip Easier | Bookonboard,200,6,4,8,84,2023-01-29,14
72,https://bookonboard.com/things-to-do-in-delhi/,17 Best Things to Do in Delhi 2020. | Bookonboard,200,10,4,11,95,2023-02-01,31
73,https://bookonboard.com/things-to-do-in-miami/,Top 20 Things to Do In Miami On A Low Budget 2020 | Bookonboard,200,5,4,14,100,2023-01-27,25
74,https://bookonboard.com/web-stories/12-best-natural-springs-in-florida-to-visit-on-this-weekend/,12] Best Natural Springs in Florida to Visit on This Weekend | Bookonboard,200,4,4,0,4,2023-01-23,3
75,https://bookonboard.com/drinking-age-in-italy/,What is the Legal Drinking Age in Italy? Know the Facts!,200,5,4,8,97,2023-01-23,13
76,https://bookonboard.com/fastest-private-jet/,The Fastest Private Jet You Can Own | Bookonboard,200,6,4,10,96,2023-01-30,16
77,https://bookonboard.com/christmas-vacations-2020-in-the-usa/,,404,3,3,0,0,2022-11-21,10
78,https://bookonboard.com/category/travel-to-europe/,Travel to Europe with BookonBoard | Your Online Travel Resource Guide,200,6,3,6,82,2023-01-19,861
79,https://bookonboard.com/best-road-trip-songs-to-sing-along-with-as-you-drive/,100+ Best Road Trip Songs (To Sing Along With As You Drive!) | Bookonboard,200,3,3,6,58,2023-01-19,15
80,https://bookonboard.com/best-places-to-travel-in-united-states/,Best Places to Travel in United States | BookonBoard,200,7,3,11,137,2023-01-30,28
81,https://bookonboard.com/uk-travel-guide/,UK Travel Guide 2020 | Top 10 Places to Visit | Bookonboard,200,3,3,6,118,2023-01-29,18
82,https://bookonboard.com/about-us/,Trusted Online Travel Blog | Itineraries & More | BookOnBoard,200,6,3,9,53,2023-01-29,2139
83,https://bookonboard.com/things-to-do-in-brisbane/,Top 10 Things to do in Brisbane and Must-See Attractions | Bookonboard,200,9,3,8,89,2023-01-29,19
84,https://bookonboard.com/how-to-clean-a-tent/, How To Clean A Tent? | Bookonboard,200,3,3,9,75,2023-01-29,11
85,https://bookonboard.com/things-to-do-in-seychelles/,Top 10 Best Things to Do in Seychelles 2020 | Bookonboard,200,8,2,33,71,2023-01-19,21
86,https://bookonboard.com/things-to-do-in-malta/,Top 10 Best Things to do in Malta 2020 Travel Guide | Bookonboard,200,9,2,7,97,2023-01-23,16
87,https://bookonboard.com/things-to-do-in-california/,Top 10 Best Things to do in California | Bookonboard,200,4,2,52,98,2023-01-30,13
88,https://bookonboard.com/how-to-stay-safe-while-hiking/,How To Stay Safe While Hiking In The Wild | Bookonboard,200,2,2,18,94,2023-01-29,11
89,https://bookonboard.com/egypt-landmarks/,25 Breathtaking Egypt Landmarks You Should Visit | BookOnBoard,200,2,2,54,124,2023-01-27,18
90,https://bookonboard.com/strongsore-calves-after-hiking-strong/,,404,2,2,0,0,2023-01-06,10
91,https://bookonboard.com/things-to-do-in-sydney-at-night/,Top 10 Things to do in Sydney at night 2020 | Bookonboard,200,3,2,9,109,2023-01-29,13
92,https://bookonboard.com/things-to-do-in-charleston/,Top 10 Things to do in Charleston South Carolina 2020 | Bookonboard,200,5,2,46,97,2023-01-25,11
93,https://bookonboard.com/hawaii-islands/,Best 5 Islands to Visit in Hawaii | Bookonboard,200,2,2,15,91,2023-01-27,11
94,https://bookonboard.com/how-to-clean-hydro-flask/,How to Clean Hydro Flask? 10 Way,200,2,2,7,88,2023-01-27,11
95,https://bookonboard.com/best-pop-up-canopy/,10 Best Pop Up Canopy Tents 2022 | Bookonboard,200,3,2,78,73,2023-01-19,12
96,https://bookonboard.com/things-to-do-in-pakistan/,Things to do in Pakistan in 2020 - Pakistan Travel Guide | Bookonboard,200,12,2,7,103,2023-01-26,19
97,https://bookonboard.com/how-to-hang-a-hammock/,How to Hang a Hammock - What You Need To Know | BOB,200,2,2,10,87,2023-02-01,17
98,https://bookonboard.com/how-fast-can-a-bear-run/,Outrun a Bear! How Fast Can A Bear Run? | BookonBoard,200,2,2,19,89,2023-01-26,13
99,https://bookonboard.com/category/travel-to-north-america/,Travel to North America | BookonBoard Your Source for Travel Information,200,5,2,6,70,2023-01-29,861
100,https://bookonboard.com/things-to-do-in-kampala/,"10 Best Things to do in Kampala, Uganda | BookonBoard",200,5,2,21,71,2023-01-19,13
101,https://bookonboard.com/london-travel-guide/,London Travel Guide | Top 12 places to visit in 2020. | Bookonboard,200,3,2,53,63,2023-01-19,18
102,https://bookonboard.com/top-10-places-in-dubai/,,404,2,2,0,0,2022-11-24,8
103,https://bookonboard.com/category/travel-gear/,2021 Travel Gear and Accessories Review and Compilation | BookonBoard,200,5,2,6,70,2023-02-01,863
104,https://bookonboard.com/how-to-sharpen-pocket-knife/,How to Sharpen a Pocket Knife - A Beginners Guide | BookonBoard,200,3,2,10,64,2023-01-22,16
105,https://bookonboard.com/can-you-hike-around-crater-lake/,Can You Hike Around Crater Lake | Bookonboard,200,2,2,7,85,2023-01-30,11
106,https://bookonboard.com/how-to-heat-a-tent-without-electricity/,How To Heat A Tent Without Electricity?,200,2,2,9,84,2023-02-01,11
107,https://bookonboard.com/things-to-do-in-colombo/,THE 10 BEST Things to Do in Colombo In 2021 | Bookonboard,200,2,2,6,103,2023-01-29,22
108,https://bookonboard.com/category/travel-to-africa/,Travel to Africa with BookonBoard | Your Online Resource & Travel Guide,200,5,2,6,82,2023-01-19,861
109,https://bookonboard.com/unusual-things-to-do-in-london/,Unusual Things To Do In London,200,2,2,29,79,2023-01-19,17
110,https://bookonboard.com/category/travel-to-middle-east/,Travel to Middle East with BookonBoard | Your Ultimate Online Travel Blog,200,5,2,6,60,2023-01-29,861
111,https://bookonboard.com/things-to-do-in-budapest/,Things to do in Budapest in 2020 - Budapest Travel Guide | Bookonboard,200,9,2,9,107,2023-01-27,14
112,https://bookonboard.com/things-to-do-in-bangkok-2/,Things to Do in Bangkok 2020 - Bangkok Travel Guide | Bookonboard,200,5,2,16,101,2023-01-26,21
113,https://bookonboard.com/hidden-travel-cost/,Hidden Travel Costs Companies Don't Want You to Know | BookonBoard,200,3,2,11,104,2023-01-29,14
114,https://bookonboard.com/things-to-do-in-berlin/,Things to do in Berlin 2020 - Travel Guide | Bookonboard,200,5,2,51,103,2023-01-25,11
115,https://bookonboard.com/things-to-do-in-sydney/,"Top 15 Things to do in Sydney, Australia 2020 | Bookonboard",200,2,2,9,102,2023-01-29,13
116,https://bookonboard.com/engel-cooler-review/,Engel Cooler Review (65) - Best in Durability | Bookonboard,200,4,1,19,82,2023-01-27,12
117,https://bookonboard.com/9-ways-to-purify-water-when-youre-out-in-the-wild/,9 Ways to Purify Water When You’re Out in the Wild | Bookonboard,200,1,1,7,75,2023-01-23,13
118,https://bookonboard.com/category/travel-to-caribbean-islands/,Travel to Caribbean Islands | Bookonboard,200,4,1,6,54,2022-11-19,852
119,https://bookonboard.com/web-stories/which-airlines-accept-paypal-for-payment/,Which Airlines Accept Paypal For Payment? | Bookonboard,200,1,1,0,12,2023-01-23,1
120,https://bookonboard.com/arc-teryx-atom-lt-review/,"Arc Teryx Atom Lt Review, Best Design and Sustainability",200,4,1,25,82,2023-01-23,13
121,https://bookonboard.com/category/destination-guides/,Explore the World with our Ultimate Destination Guides | BookonBoard,200,4,1,6,70,2023-01-26,861
122,https://bookonboard.com/are-compression-pants-good-for-hiking/,Are Compression Pants Good For Hiking? | Bookonboard,200,1,1,11,74,2023-01-19,11
123,https://bookonboard.com/best-camping-coolers/,Top 10 Best Coolers for Camping Reviews 2022 | BookonBoard,200,2,1,69,110,2023-01-26,25
124,https://bookonboard.com/how-to-fold-a-pop-up-tent/,How To Fold A Pop-Up Tent: The Best Way,200,1,1,8,85,2023-01-23,11
125,https://bookonboard.com/best-emergency-radio/,Best Emergency Radio for Camping | Bookonboard,200,2,1,59,111,2023-01-30,15
126,https://bookonboard.com/bookonboard-terms-of-use/,Terms of Use | Bookonboard,200,4,1,0,0,2022-11-19,1287
127,https://bookonboard.com/bookonboard-contact/,Contact Me at BookonBoard | Your One-Stop Travel Destination,200,4,1,6,53,2023-01-29,2142
128,https://bookonboard.com/ways-to-find-a-hole-in-an-air-mattress/,11 Ways to Find a Hole in an Air Mattress | Bookonboard,200,1,1,7,45,2023-01-19,12
129,https://bookonboard.com/is-hiking-safe-during-early-pregnancy/,Is Hiking Safe During Early Pregnancy? | Bookonboard,200,1,1,7,46,2023-01-20,13
130,https://bookonboard.com/how-to-dry-shoes/,How to Dry Shoes the Right Way?,200,1,1,7,85,2023-01-25,13
131,https://bookonboard.com/things-to-do-stowe-vt/,25 Best Things to Do in Stowe VT | Bookonboard,200,55,1,18,78,2023-01-19,22
132,https://bookonboard.com/alexapure-pro-water-filtration-system-review/,Alexapure Pro Water Filtration System Review 2022,200,4,1,18,81,2023-01-30,12
133,https://bookonboard.com/fear-of-flying/,Flight Turbulence and How to Minimize Fear of Flying,200,1,1,6,62,2023-01-19,11
134,https://bookonboard.com/how-to-get-in-shape-for-hiking/,How to Get in Shape for Hiking? | Bookonboard,200,1,1,7,58,2023-01-19,13
135,https://bookonboard.com/how-to-waterproof-a-tent/,How To Waterproof A Tent? | Bookonboard,200,1,1,7,91,2023-01-30,12
136,https://bookonboard.com/5-11-rush-72-review/,"5.11 rush 72 Review, Best Design, Versatility and Comfort",200,4,1,19,51,2023-01-19,12
137,https://bookonboard.com/best-hiking-boots-for-ankle-support/,Best Hiking Boots For Ankle Support | Bookonboard,200,1,1,60,102,2023-01-27,14
138,https://bookonboard.com/fun-road-trip-games-to-play-in-the-car/,41 Fun Road Trip Games To Play In The Car | Bookonboard,200,1,1,6,111,2023-01-29,15
139,https://bookonboard.com/bookonboard-privacy-policy/,Privacy Policy | Bookonboard,200,4,1,0,0,2022-10-30,1287
140,https://bookonboard.com/cheapest-asian-destinations/,Top 20 Cheapest Asian Destinations You Should Add to Your Travel List,200,1,1,70,185,2023-01-29,26
141,https://bookonboard.com/snowfall-near-delhi/,Top Places to see Snowfall near Delhi | Bookonboard,200,1,1,16,75,2023-01-19,12
142,https://bookonboard.com/category/travel-to-asia/,Travel To Asia with BookonBoard | Your Online Travel Destination Guide,200,4,1,6,82,2023-01-19,861
143,https://bookonboard.com/how-long-do-mres-last/,How Long Do MREs Last? The Ultimate Guide (2022) | Bookonboard,200,1,1,7,53,2023-01-20,12
144,https://bookonboard.com/things-to-do-in-uganda/,Top 10 Best Things to Do in Uganda 2020 | Bookonboard,200,3,1,24,73,2022-07-17,19
145,https://bookonboard.com/alaska-visiting-places/,Top 10 Places to See in Alaska | Bookonboard,200,1,1,16,94,2023-01-20,16
146,https://bookonboard.com/the-dark-side-of-palermo-unusual-tourist-attractions-in-the-sicilian-capital/,The dark side of Palermo: Unusual tourist attractions in the Sicilian capital | Bookonboard,200,1,1,7,81,2023-01-29,14
147,https://bookonboard.com/unique-places-to-stay-in-the-netherlands/,15 Unique Places to Stay in the Netherlands,200,1,1,6,103,2023-01-30,16
148,https://bookonboard.com/things-to-do-in-mauritius/,Top 10 Best Things to do in Mauritius 2020 | Bookonboard,200,1,1,29,66,2023-01-19,25
149,https://bookonboard.com/category/popular-places/,Popular Places to Visit - BookonBoard | Your Trusted Online Travel Guide,200,4,1,6,70,2023-01-30,862
150,https://bookonboard.com/orca-cooler-review/,Orca Cooler Review (40 Quart) - Best in Portability,200,4,1,23,82,2023-01-23,12
151,https://bookonboard.com/best-monocular/,Best Monocular to Buy this 2021 | Monocular Reviews | BookonBoard,200,1,1,58,111,2023-01-27,13
152,https://bookonboard.com/discounted-outdoor-gear/,Up To 50% Discounted Outdoor Gear (Available Now),200,1,1,36,88,2023-01-29,11
153,https://bookonboard.com/things-to-do-in-zimbabwe/,Top 10 Best Things to Do in Harare Zimbabwe | Bookonboard,200,1,1,28,95,2023-01-26,11
154,https://bookonboard.com/how-to-keep-mice-out-of-camper/,11 Ways to Keep Mice Out of Camper | Bookonboard,200,1,1,7,45,2023-01-19,11
155,https://bookonboard.com/things-to-do-in-dar-es-salaam/,Things To Do In Dar es Salaam | Bookonboard,200,2,1,11,81,2023-01-19,16
156,https://bookonboard.com/can-you-hike-half-dome-in-november/,Can You Hike Half Dome in November | Bookonboard,200,1,1,7,80,2023-01-26,11
157,https://bookonboard.com/why-you-should-join-the-aviation-industry/,9 Reasons Why You Should Join the Aviation Industry | Bookonboard,200,1,1,10,87,2023-01-23,11
158,https://bookonboard.com/can-you-bring-an-umbrella-on-a-plane/,Umbrella on a Plane - Can You Bring an Umbrella on a Plane | Bookonboard,200,1,1,6,77,2023-01-29,13
159,https://bookonboard.com/ozark-trail-cooler-review/,Ozark Trail Cooler Review (12 Can) - Best for Portability,200,4,1,24,82,2023-01-23,12
160,https://bookonboard.com/vasque-grand-traverse-review/,"Vasque Grand Traverse Review | Support, Comfort, Traction Etc. | Bookonboard",200,4,1,22,81,2023-02-01,13
161,https://bookonboard.com/big-agnes-fly-creek-ul2-review/,Big Agnes Fly Creek Ul2 Review | Bookonboard,200,4,1,15,81,2023-01-23,12
162,https://bookonboard.com/category/travel-to-australia/,Travel to Australia | Bookonboard,200,4,1,6,58,2023-01-26,861
163,https://bookonboard.com/singapore-travel-guide/,The Ultimate Singapore Travel Guide in 2020 | Bookonboard,200,3,1,6,139,2023-01-29,16
164,https://bookonboard.com/tour-in-las-vegas-to-the-grand-canyon/,Tour in Las Vegas to the Grand Canyon - USA| BookonBoard,200,1,1,14,105,2023-01-29,14
165,https://bookonboard.com/australian-landmarks/,Famous Landmarks in Australia That Will Amaze You | BookOnBoard,200,1,1,52,124,2023-01-25,14
166,https://bookonboard.com/things-to-do-in-morocco/,Top 10 Best Things to do in Morocco 2020 | Bookonboard,200,1,1,27,90,2023-02-01,12
167,https://bookonboard.com/sitemap/,HTML Sitemap | Bookonboard,200,4,1,0,0,2022-11-19,1287
168,https://bookonboard.com/how-to-air-condition-a-tent/,How To Air Condition A Tent? | Bookonboard,200,1,1,9,85,2023-01-26,13
169,https://bookonboard.com/amazing-adventures-to-put-on-your-bucket-list-with-your-best-friend/,35 Amazing Adventures To Put On Your Bucket List With Your Best Friend | Bookonboard,200,1,1,6,113,2023-01-29,16
170,https://bookonboard.com/hong-kong-visit/,Hong Kong Visit | Top places to visit in 2020 | Bookonboard,200,6,1,6,98,2023-01-19,24
171,https://bookonboard.com/things-to-do-in-dubai/,TOP 20 THINGS TO DO IN DUBAI 2020 | Bookonboard,200,2,1,6,123,2023-01-27,13
172,https://bookonboard.com/best-truck-tents-for-chevy-colorado/,Best Truck Tents For Chevy Colorado 2023 | Bookonboard,200,0,0,39,98,2023-01-26,11
173,https://bookonboard.com/aesthetic-and-creative-diy-travel-journal/,Aesthetic And Creative Ideas For Your DIY Travel Journal,200,0,0,7,83,2023-01-31,12
174,https://bookonboard.com/side-tents-for-teardrop-campers/,Best Side Tents For Teardrop Campers 2023 | Bookonboard,200,0,0,21,85,2023-01-26,11
175,https://bookonboard.com/best-cabin-tent-for-rain/,Best Cabin Tent For Rain | Bookonboard,200,0,0,47,115,2023-01-30,11
176,https://bookonboard.com/best-diesel-heater-for-tent/,Best Diesel Heater For Tent 2023 | Bookonboard,200,0,0,44,115,2023-01-29,11
177,https://bookonboard.com/best-insulated-tents-for-winter-camping/,5 Best Insulated Tents For Winter Camping | Bookonboard,200,0,0,38,109,2023-02-01,14
178,https://bookonboard.com/how-to-avoid-ticks-while-hiking/,How to Avoid Ticks While Hiking? | Bookonboard,200,0,0,7,90,2023-01-30,11
179,https://bookonboard.com/best-hiking-sandals-for-summers/,7 Best Hiking Sandals for Summers | Bookonboard,200,0,0,47,96,2023-01-23,13
180,https://bookonboard.com/web-stories/best-places-to-visit-in-the-caribbean/,Best Places to Visit in the Caribbean | Bookonboard,200,0,0,0,3,2023-01-23,1
181,https://bookonboard.com/leonardo-dicaprio-kate-winslet-now-and-then-pictures/,Leonardo DiCaprio Kate Winslet Now And Then Pictures | Bookonboard,200,0,0,6,82,2023-02-01,12
182,https://bookonboard.com/awning-lights-for-camping/,5 Best Awning Lights For Camping | Bookonboard,200,0,0,44,96,2023-01-23,11
183,https://bookonboard.com/how-to-save-money-for-travel-as-a-teenager/,How to Save Money for Travel As A Teenager | Bookonboard,200,0,0,7,90,2023-02-01,11
184,https://bookonboard.com/camping-kettle-for-open-fire/,6 Best Camping Kettle For Open Fire | Bookonboard,200,0,0,47,117,2023-01-23,11
185,https://bookonboard.com/generator-for-tent-camping/,3 Best Generator For Tent Camping | Bookonboard,200,0,0,31,104,2023-01-30,11
186,https://bookonboard.com/merrell-trail-glove-vs-vapor-glove/,"Merrell Trail Glove Vs Vapor Glove, Which Is The Best 2023",200,0,0,58,57,2023-01-22,11
187,https://bookonboard.com/best-popup-tents/,Best Popup Tents With Buying Guide 2022 | Bookonboard,200,0,0,22,87,2023-01-23,14
188,https://bookonboard.com/tailgate-tent-for-car/,Best Tailgate Tent For Car 2023 | Bookonboard,200,0,0,25,92,2023-01-25,11
189,https://bookonboard.com/thermarest-prolite-plus-review/,Thermarest Prolite Plus Review 2022 - Best For Comfort,200,0,0,18,80,2023-01-30,11
190,https://bookonboard.com/tent-for-honda-odyssey/,Best Tent For Honda Odyssey 2023 | Bookonboard,200,0,0,25,92,2023-01-23,11
191,https://bookonboard.com/blackout-tent-for-full-size-crib/,Best Blackout Tent For Full Size Crib 2023 | Bookonboard,200,0,0,31,93,2023-01-23,11
192,https://bookonboard.com/portable-washing-machine-for-camping/,5 Best Portable Washing Machine For Camping | Bookonboard,200,0,0,35,99,2023-01-23,11
193,https://bookonboard.com/best-bear-spray/,5 Best Bear Spray To Buy in 2022 | Bookonboard,200,0,0,31,90,2023-01-30,11
194,https://bookonboard.com/wool-compression-socks-for-hiking/,Best Wool Compression Socks For Hiking in 2022,200,0,0,46,64,2023-01-19,16
195,https://bookonboard.com/to-do-copenhagen/,Top 10 Things to Do in Copenhagen [2021] | BookOnBoard,200,0,0,62,81,2023-01-20,18
196,https://bookonboard.com/coffee-grinder-for-camping/,5 Best Coffee Grinder For Camping | Bookonboard,200,0,0,47,85,2023-01-19,11
197,https://bookonboard.com/best-roof-top-tent-for-rav4/,Best Roof Top Tent For Rav4 2023| Bookonboard,200,0,0,38,115,2023-01-23,11
198,https://bookonboard.com/retractable-awning-for-camper-van/,5 Best Retractable Awning For Camper Van | Bookonboard,200,0,0,35,94,2023-02-01,12
199,https://bookonboard.com/holiday-places-in-london/,Top 10 Best Holiday Places in London 2020 | Bookonboard,200,0,0,15,107,2023-01-27,12
200,https://bookonboard.com/web-stories/best-places-to-travel-in-united-states-in-july/,Top 12] Best Places to Travel in United States in 2022 | Bookonboard,200,0,0,0,3,2023-01-23,4
201,https://bookonboard.com/how-to-go-out-alone-as-a-woman/,How To Go Out Alone As A Woman | Bookonboard,200,0,0,7,59,2023-01-19,11
202,https://bookonboard.com/category/airline/,Airline Fees and Policies | Baggage Fees and more! | BookonBoard,200,0,0,6,70,2023-01-26,861
203,https://bookonboard.com/unique-and-creative-travel-tattoo-ideas-for-men/,Unique And Creative Travel Tattoo Ideas For Men,200,0,0,6,76,2023-01-23,11
204,https://bookonboard.com/french-landmarks/,"French Landmarks: Unforgettable, Historical, and Romantic | Bookonboard",200,0,0,21,121,2023-01-23,14
205,https://bookonboard.com/are-dog-carrier-backpacks-safe/,Are Dog Carrier Backpacks Safe? | Bookonboard,200,0,0,7,86,2023-01-26,11
206,https://bookonboard.com/wool-pants-for-hiking/,6 Most Comfortable Wool Pants For Hiking | Bookonboard,200,0,0,54,111,2023-01-27,14
207,https://bookonboard.com/how-to-fix-a-zipper-that-separates/,How to fix a zipper that Separates?,200,0,0,7,82,2023-01-29,11
208,https://bookonboard.com/web-stories/top-10-routes-to-travel-in-usa-by-train/,Top 10] Amazing Routes to Travel in USA by Train | Bookonboard,200,0,0,0,4,2023-01-22,5
209,https://bookonboard.com/how-to-make-tent-camping-comfortable/,How To Make Tent Camping Comfortable | Bookonboard,200,0,0,9,55,2023-01-22,16
210,https://bookonboard.com/best-2-room-tents-for-camping/,Best 2 Room Tents For Camping | Bookonboard,200,0,0,46,112,2023-01-29,18
211,https://bookonboard.com/how-to-carry-water-bottle-while-walking/,How To Carry Water Bottle While Walking | Bookonboard,200,0,0,7,89,2023-01-24,11
212,https://bookonboard.com/packed-weight-vs-trail-weight/,Packed Weight Vs Trail Weight 2023 | Bookonboard,200,0,0,7,90,2023-01-25,11
213,https://bookonboard.com/cpap-power-supply-for-camping/,4 Best Cpap Power Supply For Camping | Bookonboard,200,0,0,30,90,2023-01-29,11
214,https://bookonboard.com/will-a-glock-20-fit-in-a-glock-17-holster/,Will A Glock 20 Fit In A Glock 17 Holster? | Bookonboard,200,0,0,7,53,2023-01-22,11
215,https://bookonboard.com/merrell-trail-glove-3-review/,Merrell Trail Glove 3 Review 2023 | Bookonboard,200,0,0,22,86,2023-01-29,11
216,https://bookonboard.com/how-to-style-compression-socks/,How To Style Compression Socks? | Bookonboard,200,0,0,7,83,2023-02-01,11
217,https://bookonboard.com/water-bottle-holders-for-hiking/,Best Water Bottle Holders For Hiking To Carry in 2022,200,0,0,62,98,2023-01-23,16
218,https://bookonboard.com/things-to-do-in-accra/,THE 10 BEST Things to Do in Accra In 2021 | Bookonboard,200,0,0,6,110,2023-01-30,25
219,https://bookonboard.com/can-you-hike-the-narrows-in-march/,Can You Hike the Narrows in March? Yes?,200,0,0,7,89,2023-01-26,13
220,https://bookonboard.com/rooftop-tents-for-subaru-forester/,Best Rooftop Tents For Subaru Forester 2023 | Bookonboard,200,0,0,38,85,2023-01-22,12
221,https://bookonboard.com/osprey-farpoint-70-review/,Osprey Farpoint 70 Review | Best Design and Comfort,200,0,0,18,81,2023-01-26,11
222,https://bookonboard.com/tents-for-mount-everest/,Best Tents For Mount Everest in 2023 | Bookonboard,200,0,0,31,59,2023-01-22,11
223,https://bookonboard.com/best-heavy-duty-canvas-tents-for-camping/,Best Heavy Duty Canvas Tents For Camping 2023,200,0,0,41,96,2023-02-01,13
224,https://bookonboard.com/uncommon-destinations-by-chartering-a-plane/,5 Uncommon Destinations You Can Reach by Chartering a Plane,200,0,0,8,80,2023-01-27,13
225,https://bookonboard.com/how-long-do-compression-socks-last/,How Long Do Compression Socks Last? | Bookonboard,200,0,0,7,82,2023-01-29,10
226,https://bookonboard.com/web-stories/top-10-best-weekend-getaways-from-los-angeles-copy/,Top 10] Best Weekend Getaways From Los Angeles in Sep 22 | Bookonboard,200,0,0,0,4,2023-01-23,1
227,https://bookonboard.com/fire-poker-for-camping/,5 Best Fire Poker For Camping | Bookonboard,200,0,0,47,97,2023-01-23,11
228,https://bookonboard.com/top-10-vacation-spots-for-teenagers/,Top 10 vacation spots for teenagers | Bookonboard,200,0,0,10,81,2023-01-22,16
229,https://bookonboard.com/best-waterproof-gaiters-for-hiking/,Best Waterproof Gaiters for Hiking 2022 | Bookonboard,200,0,0,48,115,2023-01-23,11
230,https://bookonboard.com/can-you-legally-sleep-in-your-car-complete-guide/,Can You Legally Sleep in Your Car?,200,0,0,6,75,2023-01-19,15
231,https://bookonboard.com/best-tent-for-wildland-firefighting/,Best Tent For Wildland Firefighting 2023 | Bookonboard,200,0,0,41,100,2023-01-26,11
232,https://bookonboard.com/travelon-vs-pacsafe/,Travelon Vs Pacsafe: Which is Best Travel Bag in 2023,200,0,0,18,85,2023-01-27,11
233,https://bookonboard.com/web-stories/best-things-to-do-in-rocky-mountain-national-park/,Top 10] Best Things To Do in Rocky Mountain National Park | Bookonboard,200,0,0,0,4,2023-01-22,2
234,https://bookonboard.com/best-hiking-pants-for-women/,7 Best Hiking Pants For Women with Buying Guide,200,0,0,51,62,2023-01-19,14
235,https://bookonboard.com/best-dog-fences-for-camping/,10 Best Dog Fences For Camping To Keep Your Dog Safe,200,0,0,52,115,2023-01-23,12
236,https://bookonboard.com/best-gps-watch-for-hiking/,7 Best GPS Watch For Hiking With Detailed Buying Guide,200,0,0,54,53,2023-01-19,14
237,https://bookonboard.com/ugg-boots-for-hiking/,5 UGG Boots For Hiking With The Best Protection,200,0,0,35,108,2023-01-23,15
238,https://bookonboard.com/how-to-pack-a-straw-hat-for-travel/,How To Pack A Straw Hat For Travel | Bookonboard,200,0,0,8,87,2023-01-23,11
239,https://bookonboard.com/how-to-safely-pack-electronics/,How To Safely Pack Electronics in Your Checked Luggage,200,0,0,7,97,2023-01-29,11
240,https://bookonboard.com/web-stories/10-relaxing-getaways-in-usa-to-visit-on-this-weekend/,10] Relaxing Getaways in USA to visit on this Weekend | Bookonboard,200,0,0,0,4,2023-01-23,2
241,https://bookonboard.com/new-year-dubai/,Top 8 Best Places to Spend Your New Year In Dubai | BookOnBoard,200,0,0,21,93,2023-01-30,18
242,https://bookonboard.com/how-to-fix-a-broken-tent-pole/,How To Fix A Broken Tent Pole? | Bookonboard,200,0,0,7,54,2023-01-22,11
243,https://bookonboard.com/best-places-in-dubai/,Top 10 Places in Dubai to enjoy New Year’s Eve in 2021 | BookonBoard,200,0,0,6,107,2023-01-30,12
244,https://bookonboard.com/best-family-tents-for-bad-weather/,Best Family Tents For Bad Weather 2022 | Bookonboard,200,0,0,47,76,2023-01-23,14
245,https://bookonboard.com/best-tents-under-100/,Best Tents Under 100: Guess The Best One!,200,0,0,39,56,2023-01-22,13
246,https://bookonboard.com/can-you-hike-in-running-shoes-yes/,Can You Hike In Running Shoes? Yes?,200,0,0,7,83,2023-01-27,12
247,https://bookonboard.com/best-dutch-oven-for-camping/,5 Best Dutch Oven For Camping | Bookonboard,200,0,0,47,112,2023-01-30,11
248,https://bookonboard.com/best-backpacking-tents/,Best Backpacking Tents | Bookonboard,200,0,0,71,126,2023-01-29,12
249,https://bookonboard.com/are-camera-straps-universal/,Are Camera Straps Universal? | Bookonboard,200,0,0,7,86,2023-01-28,13
250,https://bookonboard.com/national-park-west-coast/,"35 Must-Visit: National Park, West Coast of the U.S. | Bookonboard",200,0,0,7,137,2023-01-29,23
251,https://bookonboard.com/can-you-wash-wool-pants/,Can You Wash Wool Pants? | Bookonboard,200,0,0,7,86,2023-01-29,13
252,https://bookonboard.com/best-grill-for-rv-camping/,5 Best Grill For RV Camping | Bookonboard,200,0,0,44,113,2023-01-23,11
253,https://bookonboard.com/new-year-in-uk/,New Year In UK: 10 Best New Year Eve In UK Destinations | Bookonboard,200,0,0,23,61,2023-01-20,11
254,https://bookonboard.com/5-best-low-wattage-heater-for-camping/,5 Best Low Wattage Heater For Camping | Bookonboard,200,0,0,46,106,2023-01-29,14
255,https://bookonboard.com/what-color-hat-goes-with-everything/,What Color Hat Goes With Everything? | Bookonboard,200,0,0,7,66,2023-01-23,11
256,https://bookonboard.com/north-face-denali-vs-denali-2/,North Face Denali Vs Denali 2: Which one is Best in 2023,200,0,0,13,86,2023-01-29,11
257,https://bookonboard.com/hydro-flask-vs-yeti-water-tumbler-review/,Hydro Flask vs. Yeti - Water Tumbler Review | Bookonboard,200,0,0,19,97,2023-02-01,13
258,https://bookonboard.com/12-volt-fans-for-camping/,Best 12 Volt Fans For Camping | Bookonboard,200,0,0,47,112,2023-01-30,11
259,https://bookonboard.com/fascinating-baby-naming-traditions/,8 Fascinating Baby Naming Traditions from Across the Globe,200,0,0,7,55,2023-01-22,11
260,https://bookonboard.com/best-roof-top-tent-for-xterra/,Best Roof Top Tent For Xterra 2023 | Bookonboard,200,0,0,38,85,2023-01-23,18
261,https://bookonboard.com/air-conditioner-for-pop-up-camper/,Best Air Conditioner For Pop Up Camper 2022 | Bookonboard,200,0,0,44,112,2023-02-01,11
262,https://bookonboard.com/are-neoprene-socks-waterproof/,Are Neoprene Socks Waterproof?,200,0,0,7,85,2023-01-26,11
263,https://bookonboard.com/queen-size-cots-for-camping/,3 Best Queen Size Cots For Camping | Bookonboard,200,0,0,31,64,2023-01-22,11
264,https://bookonboard.com/carbon-monoxide-detector-for-camper/,5 Best Carbon Monoxide Detector For Camper | Bookonboard,200,0,0,47,107,2023-01-30,11
265,https://bookonboard.com/how-to-pack-sunglasses-for-travel/,How To Pack Sunglasses For Travel? 3 Best Methods | Bookonboard,200,0,0,7,79,2023-01-23,11
266,https://bookonboard.com/truck-bed-tent-for-nissan-frontier/,Best Truck Bed Tent For Nissan Frontier 2023 | Bookonboard,200,0,0,39,96,2023-01-23,11
267,https://bookonboard.com/best-diesel-heater-for-camping/,5 Best Diesel Heater For Camping | Bookonboard,200,0,0,30,83,2023-01-23,11
268,https://bookonboard.com/best-asolo-hiking-boots-for-women/,6 Best Asolo Hiking Boots For Women in 2022,200,0,0,37,111,2023-01-23,15
269,https://bookonboard.com/roof-top-tent-for-suburban/,Best Roof Top Tent For Suburban 2023 | Bookonboard,200,0,0,25,79,2023-01-23,14
270,https://bookonboard.com/most-beautiful-places-in-the-world/,50 Most Beautiful Places in the World To Explore,200,0,0,6,130,2023-02-01,28
271,https://bookonboard.com/best-dog-leash-for-hiking/,Best Dog Leash For Hiking in 2022 | Bookonboard,200,0,0,47,73,2023-01-22,12
272,https://bookonboard.com/best-compass-for-day-hiking/,Best Compass for Day Hiking with Buying Guide 2022,200,0,0,49,98,2023-01-23,12
273,https://bookonboard.com/ankle-support-for-hiking/,5 Ankle Support For Hiking With Best Protection,200,0,0,46,102,2023-01-23,12
274,https://bookonboard.com/best-chest-pack-for-hiking/,7 Best Chest Pack For Hiking in 2022 | Bookonboard,200,0,0,54,115,2023-01-25,12
275,https://bookonboard.com/best-rooftop-tents-for-tacoma/,Best Rooftop Tents For Tacoma 2023| Bookonboard,200,0,0,35,100,2023-01-26,11
276,https://bookonboard.com/new-year-eve-uk/,,404,0,0,0,0,2022-11-16,11
277,https://bookonboard.com/smell-proof-tent-for-smoking/,Best Smell Proof Tent For Smoking | Bookonboard,200,0,0,47,63,2023-01-19,12
278,https://bookonboard.com/are-neoprene-socks-warm/,Are Neoprene Socks Warm? Actually?,200,0,0,7,84,2023-01-26,12
279,https://bookonboard.com/can-i-carry-my-dog-in-a-backpack/,Can I Carry My Dog In A Backpack? | Bookonboard,200,0,0,7,85,2023-01-26,13
280,https://bookonboard.com/best-battery-for-camper-trailer/,5 Best Battery For Camper Trailer | Bookonboard,200,0,0,32,78,2023-01-19,14
281,https://bookonboard.com/web-stories/10-most-beautiful-country-of-the-world-should-visit-in-2023/,10] Most Beautiful Country Of The World Should Visit in 2023 | Bookonboard,200,0,0,0,4,2023-01-22,9
282,https://bookonboard.com/benefits-of-walking-sticks-for-hiking/,Benefits of Walking Sticks for Hiking | Bookonboard,200,0,0,7,95,2023-01-23,11
283,https://bookonboard.com/tent-for-jeep-renegade/,Best Tent For Jeep Renegade 2023 | Bookonboard,200,0,0,25,63,2023-01-22,11
284,https://bookonboard.com/teepee-tents-for-camping/,6 Best Teepee Tents For Camping | Bookonboard,200,0,0,42,117,2023-01-23,12
285,https://bookonboard.com/web-stories/top-12-best-things-to-do-in-new-jersey-this-weekend-copy/,Top 12] Best Things to Do in New Jersey this Weekend (Copy) | Bookonboard,200,0,0,0,4,2023-01-23,3
286,https://bookonboard.com/5-mind-numbing-facts-about-prayer-for-safe-travel/,5 Mind-Numbing Facts About Prayer For Safe Travel,200,0,0,7,101,2023-01-23,11
287,https://bookonboard.com/winter-gloves-for-hiking/,10 Most Comfortable Winter Gloves For Hiking | Bookonboard,200,0,0,67,124,2023-01-27,14
288,https://bookonboard.com/best-dog-tent-for-the-beach/,Best Dog Tent For The Beach 2023 | Bookonboard,200,0,0,47,115,2023-01-24,11
289,https://bookonboard.com/can-snakes-bite-through-gaiters/,Can Snakes Bite Through Gaiters? Yes? | Bookonboard,200,0,0,7,80,2023-01-23,10
290,https://bookonboard.com/how-does-rural-travel-differ-from-urban-travel/,How Does Rural Travel Differ From Urban Travel?,200,0,0,7,83,2023-01-30,11
291,https://bookonboard.com/best-4-person-tent-for-car-camping/,Best 4 Person Tent For Car Camping | Bookenboard,200,0,0,33,86,2023-01-23,12
292,https://bookonboard.com/quick-drying-towels-for-camping/,5 Best Quick Drying Towels For Camping | Bookonboard,200,0,0,44,64,2023-01-22,12
293,https://bookonboard.com/hiking-hat-for-women/,10 Best Stylish Hiking Hat For Women in 2022,200,0,0,54,101,2023-01-19,15
294,https://bookonboard.com/how-to-put-mousse-in-a-travel-container/,How To Put Mousse In A Travel Container | Bookonboard,200,0,0,7,83,2023-01-23,11
295,https://bookonboard.com/web-stories/top-10-things-to-do-in-las-vegas-this-weekend/,Top 10] Things To Do in Las Vegas This Weekend | Bookonboard,200,0,0,0,4,2023-01-23,2
296,https://bookonboard.com/best-hydration-bladder/,10 Best Hydration Bladder to Buy in 2022 | Bookonboard,200,0,0,66,108,2023-01-26,11
297,https://bookonboard.com/best-hammock-stand-for-camping/,5 Best Hammock Stand For Camping (Available On Amazon),200,0,0,47,83,2023-01-20,13
298,https://bookonboard.com/best-tent-for-rain-and-wind/,Best Tent For Rain And Wind 2022| Bookonboard,200,0,0,39,86,2023-01-23,12
299,https://bookonboard.com/compostable-toilets-for-camping/,5 Best Compostable Toilets For Camping | Bookonboard,200,0,0,41,80,2023-01-22,11
300,https://bookonboard.com/tent-for-a-ford-f150/,5 Best Tent For A Ford F150 2023 | Bookonboard,200,0,0,41,115,2023-01-30,13
301,https://bookonboard.com/things-to-do-in-berlin/Kurf%C3%BCrstendamm%20Berlin%20Germany%201,,404,0,0,0,0,2022-12-09,10
302,https://bookonboard.com/what-are-snake-gaiters/,What Are Snake Gaiters? | Bookonboard,200,0,0,7,55,2023-01-20,11
303,https://bookonboard.com/camera-strap-for-hiking/,9 Camera Strap For Hiking With Most Comfort,200,0,0,56,123,2023-01-26,14
304,https://bookonboard.com/best-backpack-dog-carrier-for-hiking/,10 Best Backpack Dog Carrier For Hiking | Bookonboard,200,0,0,57,129,2023-01-26,16
305,https://bookonboard.com/tent-for-center-console-boat/,Best Tent For Center Console Boat 2023 | Bookonboard,200,0,0,23,60,2023-01-22,11
306,https://bookonboard.com/web-stories/,Stories Archive | Bookonboard,200,0,0,6,70,2023-01-29,21
307,https://bookonboard.com/are-huaraches-good-for-hiking/,Are Huaraches Good For Hiking?  | Bookonboard,200,0,0,7,57,2023-01-22,11
308,https://bookonboard.com/best-hunting-tents/,5 Best Hunting Tents With Buying Guide 2022 | Bookonboard,200,0,0,43,76,2023-01-23,12
309,https://bookonboard.com/best-portable-smoker-for-camping/,7 Best Portable Smoker For Camping With Great Flavor,200,0,0,44,108,2023-01-27,12
310,https://bookonboard.com/solar-panel-for-pop-up-camper/,5 Best Solar Panel For Pop Up Camper | Bookonboard,200,0,0,44,112,2023-01-29,11
311,https://bookonboard.com/how-to-insulate-a-tent/,How To Insulate A Tent? The Best Way,200,0,0,7,89,2023-01-23,11
312,https://bookonboard.com/web-stories/top-12best-family-vacations-in-the-usa/,Top 12] Best Family Vacations in the USA | Bookonboard,200,0,0,0,3,2023-01-22,4
313,https://bookonboard.com/best-backpacking-tent-for-dogs/,Best Backpacking Tent For Dogs 2023| Bookonboard,200,0,0,44,97,2023-01-23,11
314,https://bookonboard.com/health-benefits-of-hiking-in-the-woods/,Health Benefits of Hiking in the Woods | Bookonboard,200,0,0,6,66,2023-01-19,12
315,https://bookonboard.com/things-to-do-in-oxford/,Top 20 best Things to do in Oxford 2020 | Bookonboard,200,0,0,6,95,2023-01-30,14
316,https://bookonboard.com/how-long-should-camera-strap-be/,How Long Should Camera Strap Be? | Bookonboard,200,0,0,7,84,2023-01-29,13
317,https://bookonboard.com/how-to-become-a-travel-content-creator/,How To Become A Travel Content Creator | Bookonboard,200,0,0,7,86,2023-01-29,11
318,https://bookonboard.com/portable-hot-water-heater-for-camping/,5 Best Portable Hot Water Heater For Camping | Bookonboard,200,0,0,44,83,2023-01-22,11
319,https://bookonboard.com/best-rv-battery-for-dry-camping/,Best RV Battery For Dry Camping | Bookonboard,200,0,0,35,113,2023-01-28,11
320,https://bookonboard.com/things-to-do-in-portugal/,Things to do in Portugal 2020 - Portugal Tourism Guide | Bookonboard,200,0,0,6,69,2023-01-20,15
321,https://bookonboard.com/web-stories/top-10-amazing-places-to-see-the-northern-lights-2023/,Top 10] Amazing Places To See The Northern Lights 2023 | Bookonboard,200,0,0,0,4,2023-01-23,2
322,https://bookonboard.com/best-womens-hiking-backpack/,8 Best Women's Hiking Backpack | Bookonboard,200,0,0,53,107,2023-01-30,17
323,https://bookonboard.com/dog-cot-for-camping/,5 Best Dog Cot For Camping | Bookonboard,200,0,0,47,113,2023-01-23,12
324,https://bookonboard.com/portable-solar-charger-for-camping/,5 Best Portable Solar Charger For Camping | Bookonboard,200,0,0,47,107,2023-01-23,11
325,https://bookonboard.com/best-waterproof-tents/,Best Waterproof Tents 2022 | Bookonboard,200,0,0,38,83,2023-01-23,13
326,https://bookonboard.com/web-stories/top-12-best-things-to-do-in-paris-september-2022/,Top 12] Best Things To Do in Paris in September 2022 | Bookonboard,200,0,0,0,3,2023-01-23,4
327,https://bookonboard.com/web-stories/11-best-places-to-visit-in-the-caribbean-bookonboard-com-copy/,11 Best Places to Visit in the Caribbean - Bookonboard.com (Copy) | Bookonboard,200,0,0,0,3,2023-01-22,1
328,https://bookonboard.com/places-to-visit-in-new-york/,Top 10 Best Places to visit in New York 2023 | Bookonboard,200,0,0,40,111,2023-01-27,14
329,https://bookonboard.com/blackout-tent-for-camping/,5 Best Blackout Tent For Camping | Bookonboard,200,0,0,41,82,2023-01-22,14
330,https://bookonboard.com/christmas-vacations-in-the-usa/,Christmas Vacations in USA | Travel Destination | BookonBoard,200,0,0,25,100,2023-01-29,11
331,https://bookonboard.com/best-sock-liners-for-hiking/,5 Best Sock Liners For Hiking | Bookonboard,200,0,0,38,103,2023-01-26,14
332,https://bookonboard.com/will-a-glock-40-fit-in-a-glock-20-holster/,Will A Glock 40 Fit In A Glock 20 Holster? | Bookonboard,200,0,0,7,83,2023-01-23,11
333,https://bookonboard.com/5-best-camping-tripod-for-cooking-easily/,5 Best Camping Tripod For Cooking Easily | Bookenboard,200,0,0,46,91,2023-01-26,12
334,https://bookonboard.com/yaktrax-vs-microspikes/,Yaktrax vs Microspikes : Which one is Best in 2023,200,0,0,33,87,2023-01-30,11
335,https://bookonboard.com/best-two-person-tents-for-wild-camping/,Best Two Person Tents For Wild Camping 2022 | Bookonboard,200,0,0,33,53,2023-01-23,15
336,https://bookonboard.com/megellan-gps-review/,Megellan GPS Review: Durable and Best GPS in 2023,200,0,0,19,85,2023-01-30,11
337,https://bookonboard.com/can-you-wear-wool-pants-in-the-summer/,Can You Wear Wool Pants In The Summer? | Bookonboard,200,0,0,7,83,2023-01-29,13
338,https://bookonboard.com/best-tents-for-long-term-camping/,Best Tents For Long Term Camping 2022 | Bookonboard,200,0,0,36,86,2023-01-23,15
339,https://bookonboard.com/things-to-do-in-bangkok/,Top 5 things to do in Bangkok 2020. | Bookonboard,200,0,0,6,91,2023-01-26,19
340,https://bookonboard.com/web-stories/11-best-things-to-do-in-daytona-beach/,11 Best Things To Do in Daytona Beach | Bookonboard,200,0,0,0,3,2023-01-23,4
341,https://bookonboard.com/do-you-need-a-passport-to-go-to-the-bahamas/,Do You Need A Passport To Go To The Bahamas? | Bookonboard,200,0,0,26,46,2023-01-20,10
342,https://bookonboard.com/web-stories/top-10-tourist-places-for-spain-holidays-this-weekend/,Top 10] Tourist Places For Spain Holidays This Weekend | Bookonboard,200,0,0,0,4,2022-12-09,2
343,https://bookonboard.com/best-neoprene-socks-for-hiking/,9 Neoprene Socks For Hiking To Keep The Body Warm,200,0,0,62,125,2023-01-23,14
344,https://bookonboard.com/best-compact-binoculars/,10 Best Compact Binoculars 2022 | Bookonboard,200,0,0,76,109,2023-01-26,14
345,https://bookonboard.com/how-to-become-a-full-time-traveler/,How To Become A Full Time Traveler | Bookonboard,200,0,0,7,75,2023-01-19,12
346,https://bookonboard.com/best-tent-for-silverado/,Best Tent For Silverado 2023| Bookonboard,200,0,0,47,71,2023-01-23,11
347,https://bookonboard.com/unique-and-aesthetic-travel-tattoo-ideas-for-women-strong/,Unique and Aesthetic Travel Tattoo Ideas for Women,200,0,0,6,76,2023-01-23,12
348,https://bookonboard.com/rooftop-tent-for-subaru-outback/,Best Rooftop Tent For Subaru Outback 2023 | Bookonboard,200,0,0,38,97,2023-01-23,14
349,https://bookonboard.com/best-compass-for-hiking/,7 Best Compass for Hiking with Detailed Buying Guide,200,0,0,53,101,2023-01-30,11
350,https://bookonboard.com/landmarks-italy/,Best Italian Landmarks: Why Italy Should Top your Must-Visit List,200,0,0,103,117,2023-01-19,24
351,https://bookonboard.com/california/,Top 7 Los Angeles California Tours in May 2020 | Bookonboard,200,0,0,8,100,2023-01-29,22
352,https://bookonboard.com/best-inflatable-kayak/,10 Best Inflatable Kayak in the Market 2022 | Bookonboard,200,0,0,73,79,2023-01-19,13
353,https://bookonboard.com/high-sierra-swerve-backpack-review/,High Sierra Swerve Backpack Review 2022 | Best Design,200,0,0,23,51,2023-01-19,12
354,https://bookonboard.com/?s=hiking,You searched for | Bookonboard,200,0,0,0,0,2022-11-13,10
355,https://bookonboard.com/do-you-need-a-passport-to-go-to-puerto-rico/,Do You Need A Passport To Go To Puerto Rico? | Bookonboard,200,0,0,30,103,2023-02-01,11
356,https://bookonboard.com/can-you-bring-vitamins-on-a-plane-yes-learn-the-answer-here/,Can You Bring Vitamins On A Plane? Yes? Learn The Answer Here | Bookonboard,200,0,0,7,88,2023-01-30,11
357,https://bookonboard.com/uk-beaches/,Top 10 Best UK beaches to visit in 2020 | Bookonboard,200,0,0,9,115,2023-01-29,19
358,https://bookonboard.com/glock-20-holster-for-hiking/,8 Best Glock 20 Holster For Hiking To Carry Comfortably,200,0,0,47,122,2023-01-29,15
359,https://bookonboard.com/how-to-set-up-a-tent/,How To Set Up A Tent | Bookonboard,200,0,0,7,89,2023-01-24,11
360,https://bookonboard.com/best-places-to-hike-in-sedona-arizona/,"The 12 Best Places to Hike in Sedona, Arizona (All-Time Picks!)",200,0,0,44,127,2023-01-30,15
361,https://bookonboard.com/smallest-air-conditioner-for-camper/,Best Smallest Air Conditioner For Camper 2022 | Bookonboard,200,0,0,38,112,2023-01-29,11
362,https://bookonboard.com/camping-tent-for-van/,5 Best Camping Tent For Van | Bookonboard,200,0,0,41,113,2023-01-30,15
363,https://bookonboard.com/best-places-to-travel-on-a-budget-in-europe/,Best Places to Travel on a Budget in Europe 2020 | Top 10 | Bookonboard,200,0,0,19,78,2023-01-19,15
364,https://bookonboard.com/places-to-visit-near-ahmedabad/,TOP 10 Places To Visit Near Ahmedabad in 2020 | Bookonboard,200,0,0,14,103,2023-01-29,13
365,https://bookonboard.com/best-electric-grill/,10 Best Electric Grill Appliances Review 2022 | Bookonboard,200,0,0,70,73,2023-01-19,11
366,https://bookonboard.com/jeep-tents-for-camping/,3 Best Jeep Tents For Camping | Bookonboard,200,0,0,22,90,2023-01-27,13
367,https://bookonboard.com/can-you-bring-hiking-poles-on-a-flight/,Can You Bring Hiking Poles On A Flight? We Have A Solution! | Bookonboard,200,0,0,7,89,2023-01-30,13
368,https://bookonboard.com/what-is-the-passport-book-number/,What Is The Passport Book Number? | Bookonboard,200,0,0,7,95,2023-01-23,11
369,https://bookonboard.com/web-stories/top-10-most-visited-amazing-places-to-visit-in-switzerland/,Top 10] Most Visited Amazing Places to Visit in Switzerland | Bookonboard,200,0,0,0,4,2023-01-23,9
370,https://bookonboard.com/places-to-travel-in-september-and-october/,TOP 8 places to travel in September and October | Bookonboard,200,0,0,87,115,2023-01-27,14
371,https://bookonboard.com/web-stories/10-amazing-places-to-visit-in-new-york-state-in-sep-2022/,10 Best Places Should not Missed to Visit in NY State in Sep 22 | Bookonboard,200,0,0,0,3,2023-01-22,4
372,https://bookonboard.com/best-vineyards-to-visit-in-britain/,10 of The Best Vineyards to Visit in Britain 2020 | Bookonboard,200,0,0,13,87,2023-01-30,12
373,https://bookonboard.com/dubai-travel-guide/,Dubai Travel Guide | Places to Go this Holiday | BookonBoard,200,0,0,13,69,2023-01-19,13
374,https://bookonboard.com/best-travel-quotes-in-2022/,60 Best Travel Quotes Ideas | Bookonboard,200,0,0,6,75,2023-01-29,12
375,https://bookonboard.com/sore-calves-after-hiking/,Sore Calves After Hiking | Bookonboard,200,0,0,7,91,2023-01-23,13
376,https://bookonboard.com/kelty-redwing-44-review/,Kelty Redwing 44 Review | Best Durability Tent,200,0,0,22,82,2023-01-23,11
377,https://bookonboard.com/web-stories/10-major-updates-in-luggage-dimensions-for-airlines-sep-22/,10 Major Updates in Luggage Dimensions for Airlines Sep 22 | Bookonboard,200,0,0,0,3,2023-01-23,1
378,https://bookonboard.com/nalgene-vs-hydro-flask/,Nalgene Vs Hydro Flask: Which one is Best in 2023,200,0,0,51,87,2023-01-24,11
379,https://bookonboard.com/hammock-tent-for-tall-person/,Best Hammock Tent For Tall Person 2023 | Bookonboard,200,0,0,44,82,2023-01-22,13
380,https://bookonboard.com/best-mens-hiking-boots-for-wide-feet/,Best Men's Hiking Boots For Wide Feet 2022 | Bookonboard,200,0,0,56,70,2023-01-19,15
381,https://bookonboard.com/best-portable-water-containers-for-camping/,Best Portable Water Containers For Camping | Bookonboard,200,0,0,36,77,2023-01-22,13
382,https://bookonboard.com/3-best-battery-powered-space-heater-for-camping/,3 Best Battery Powered Space Heater For Camping | Bookonboard,200,0,0,24,98,2023-01-30,17
383,https://bookonboard.com/how-to-choose-microspikes/,How To Choose Microspikes? | Bookonboard,200,0,0,7,87,2023-01-23,11
384,https://bookonboard.com/best-tents-for-camping-with-dogs/,5 Best Tents For Camping With Dogs | Bookonboard,200,0,0,41,113,2023-02-01,14
385,https://bookonboard.com/can-you-bring-microspikes-on-a-plane/,Can You Bring Microspikes On A Plane? | Bookonboard,200,0,0,7,54,2023-01-22,11
386,https://bookonboard.com/micro-spikes-for-hiking/,Best Micro Spikes For Hiking To Get Better Traction 2022,200,0,0,44,108,2023-01-29,13
387,https://bookonboard.com/north-face-terra-65-review/,North Face Terra 65 Review 2022 | Best in Durabilty,200,0,0,31,52,2023-01-19,11
388,https://bookonboard.com/best-backpacking-sleeping-bag/,Backpacking Sleeping Bags 2022 | Bookonboard,200,0,0,70,108,2023-01-27,15
389,https://bookonboard.com/how-to-attach-water-bottle-to-backpack/,How To Attach Water Bottle To Backpack? 4 Best Ways,200,0,0,7,91,2023-01-23,11
390,https://bookonboard.com/best-tent-for-toyota-tundra/,Best Tent For Toyota Tundra 2023 | Bookonboard,200,0,0,36,65,2023-01-23,11
391,https://bookonboard.com/best-womens-rain-jackets-for-hiking/,10 best Women's Rain Jackets For Hiking | Bookenboard,200,0,0,62,101,2023-01-29,11
392,https://bookonboard.com/best-winter-getaways-in-new-england/,Best Winter Getaways in New England – Options to Know! | Bookonboard,200,0,0,9,95,2023-01-28,13
393,https://bookonboard.com/can-you-wear-a-black-cowboy-hat-with-brown-boots/,Can You Wear A Black Cowboy Hat With Brown Boots?,200,0,0,7,56,2023-01-22,11
394,https://bookonboard.com/5-best-portable-griddles-for-camping/,5 Best Portable Griddles For Camping | Bookonboard,200,0,0,40,107,2023-01-27,14
395,https://bookonboard.com/best-hiking-boots-for-high-arches/,Best Hiking Boots For High Arches with Buying Guide 2022,200,0,0,59,106,2023-01-29,13
396,https://bookonboard.com/how-long-does-it-take-to-hike-10-miles/,How Long Does It Take To Hike 10 Miles | Bookonboard,200,0,0,7,83,2023-01-30,11
397,https://bookonboard.com/best-camping-shoes-for-toddlers/,Best Camping Shoes For Toddlers 2022 | Bookonboard,200,0,0,43,85,2023-01-20,13
398,https://bookonboard.com/how-hot-is-a-campfire/,"How Hot Is a Campfire, and How to Build It? | Bookonboard",200,0,0,7,55,2023-01-19,13
399,https://bookonboard.com/best-womens-hiking-boots-for-high-arches/,Best Women's Hiking Boots For High Arches 2022 | Bookonboard,200,0,0,46,92,2023-01-26,13
400,https://bookonboard.com/roof-top-tent-for-gladiator/,4 Best Roof Top Tent For Gladiator 2023 | Bookonboard,200,0,0,27,98,2023-01-25,11
401,https://bookonboard.com/best-8-person-tents/,Best 8 Person Tents 2022 | Bookenboard,200,0,0,36,82,2023-01-23,12
402,https://bookonboard.com/roof-top-tent-for-subaru-crosstrek/,Best Roof Top Tent For Subaru Crosstrek 2023 | Bookonboard,200,0,0,35,115,2023-01-29,13
403,https://bookonboard.com/how-do-you-keep-kosher-when-traveling/,How do you keep kosher when traveling? | Bookonboard,200,0,0,9,67,2023-01-23,13
404,https://bookonboard.com/red-wing-boots-for-hiking/,5 Red Wing Boots For Hiking With The Best Protection,200,0,0,43,79,2023-01-22,12
405,https://bookonboard.com/best-glock-17-holster/,5 Best Glock 17 Holster | Bookonboard,200,0,0,47,97,2023-01-23,10
406,https://bookonboard.com/electric-tent-heater-for-camping/,5 Best Electric Tent Heater For Camping | Bookonboard,200,0,0,47,112,2023-01-26,12
407,https://bookonboard.com/best-hot-tent-for-winter-camping/,Best Hot Tent For Winter Camping 2023 | Bookonboard,200,0,0,44,115,2023-01-24,11
408,https://bookonboard.com/can-i-buy-an-airline-seat-for-my-dog/,Can I Buy An Airline Seat For My Dog? Yes? | Bookonboard,200,0,0,7,88,2023-01-29,12
409,https://bookonboard.com/hawaii-tour-packages/,Hawaii Tour Packages - Hawaii Tour Guide in 2020 | Bookonboard,200,0,0,20,90,2023-01-25,17
410,https://bookonboard.com/roof-rack-for-camping/,5 Best Roof Rack For Camping | Bookonboard,200,0,0,35,67,2023-01-19,12
411,https://bookonboard.com/best-hiking-socks/,What type of socks are best for hiking,200,0,0,26,101,2023-01-29,11
412,https://bookonboard.com/web-stories/places-to-live-in-southern-california/,Top 10] Best Places to Live in Southern California | Bookonboard,200,0,0,0,1,2023-01-22,4
413,https://bookonboard.com/sit-pad-for-hiking/,5 Most Comfortable Sit Pad For Hiking | Bookonboard,200,0,0,43,106,2023-01-26,12
414,https://bookonboard.com/can-you-fly-with-a-temporary-paper-license/,Can You Fly with A Temporary Paper License? | Bookonboard,200,0,0,10,122,2023-01-27,14
415,https://bookonboard.com/4-best-air-conditioning-for-tent-camping/,4 Best Air Conditioning For Tent Camping | Bookenboard,200,0,0,29,91,2023-01-29,14
416,https://bookonboard.com/best-microspikes-for-winter-hiking/,Best Microspikes for Winter Hiking 2022 | Bookonboard,200,0,0,51,108,2023-01-23,13
417,https://bookonboard.com/best-ground-tent-for-overlanding/,Best Ground Tent For Overlanding 2023 | Bookonboard,200,0,0,47,112,2023-02-01,13
418,https://bookonboard.com/prana-brion-vs-zion/,Prana Brion Vs Zion: Which Pant is Best for Price in 2023,200,0,0,58,86,2023-01-29,11
419,https://bookonboard.com/tent-for-queen-size-air-mattress/,Best Tent For Queen Size Air Mattress in 2023 | Bookonboard,200,0,0,25,93,2023-01-23,11
420,https://bookonboard.com/best-projector-for-camping/,4 Best Projector For Camping | Bookonboard,200,0,0,39,94,2023-01-23,12
421,https://bookonboard.com/best-hiking-boots-for-wide-feet-women/,7 Best Hiking Boots for Wide Feet Women | Bookonboard,200,0,0,48,99,2023-01-30,12
422,https://bookonboard.com/sog-seal-pup-elite-review/,Sog Seal Pup Elite Review 2022 | Sharpness and Comfort,200,0,0,23,51,2023-01-19,11
423,https://bookonboard.com/how-to-organize-winter-hats-and-gloves/,How To Organize Winter Hats And Gloves? | Bookonboard,200,0,0,7,87,2023-01-29,13
424,https://bookonboard.com/hiking-in-colorado-in-may/,Hiking in Colorado in May! | Bookonboard,200,0,0,7,86,2023-01-29,13
425,https://bookonboard.com/solar-fans-for-camping/,5 Solar Fans For Camping To Stay Cool | Bookonboard,200,0,0,47,92,2023-01-26,12
426,https://bookonboard.com/coffee-mugs-for-camping/,5 Best Coffee Mugs For Camping | Bookonboard,200,0,0,47,64,2023-01-22,11
427,https://bookonboard.com/portable-propane-fire-pit-for-camping/,7 Best Portable Propane Fire Pit For Camping | Bookonboard,200,0,0,39,116,2023-01-23,12
428,https://bookonboard.com/tent-for-ford-explorer/,Best Tent For Ford Explorer 2023 | Bookonboard,200,0,0,25,63,2023-01-19,11
429,https://bookonboard.com/fan-for-tent-camping/,7 Super Cool Fan For Tent Camping | Bookonboard,200,0,0,54,116,2023-01-25,15
430,https://bookonboard.com/best-12v-heater-for-camping/,Best 12v Heater For Camping | Bookonboard,200,0,0,29,103,2023-01-29,14
431,https://bookonboard.com/best-underseat-luggage/,Best Underseat Luggage 2022 | Bookonboard,200,0,0,68,110,2023-01-27,14
432,https://bookonboard.com/best-camera-harness-for-hiking/,5 Affordable And Durable Camera Harness For Hiking in 2022,200,0,0,44,72,2023-01-20,13
433,https://bookonboard.com/web-stories/top-10-amazing-things-to-do-in-sedona-this-month/,Top 10] Amazing Things To Do in Sedona This Month | Bookonboard,200,0,0,0,4,2023-01-23,9
434,https://bookonboard.com/two-person-cot-for-camping/,Best Two Person Cot For Camping 2022 | Bookonboard,200,0,0,35,116,2023-01-23,11
435,https://bookonboard.com/short-travel-quotes-ideas/,75 Short & Amazing Travel Quotes Ideas in 2022 | Bookonboard,200,0,0,6,75,2023-01-26,13
436,https://bookonboard.com/tents-for-homeless-people/,Best Tents For Homeless People in 2023 | Bookonboard,200,0,0,47,67,2023-01-22,11
437,https://bookonboard.com/portable-battery-operated-air-conditioner-for-camping/,Best Portable Battery Operated Air Conditioner For Camping,200,0,0,44,112,2023-01-29,11
438,https://bookonboard.com/how-to-visit-all-50-states-in-12-trips/,How To Visit All 50 States In 12 Trips | Bookonboard,200,0,0,7,97,2023-01-30,10
439,https://bookonboard.com/similarities-of-hiking-and-trekking/,Similarities Of Hiking And Trekking: Some Best | Bookonboard,200,0,0,7,93,2023-01-23,10
